{
  "incumbent_ids": [
    8
  ],
  "rejected_config_ids": [
    1,
    3,
    4,
    5,
    6,
    2,
    7,
    9,
    10,
    11,
    12,
    13,
    14,
    15,
    16,
    17,
    18
  ],
  "incumbents_changed": 4,
  "trajectory": [
    {
      "config_ids": [
        1
      ],
      "costs": [
        1.3311885965236667
      ],
      "trial": 1,
      "walltime": 15.344574451446533
    },
    {
      "config_ids": [
        2
      ],
      "costs": [
        0.9016013692365418
      ],
      "trial": 2,
      "walltime": 104.6313796043396
    },
    {
      "config_ids": [
        7
      ],
      "costs": [
        0.8795654124551252
      ],
      "trial": 7,
      "walltime": 399.85944151878357
    },
    {
      "config_ids": [
        8
      ],
      "costs": [
        0.8616629794129167
      ],
      "trial": 8,
      "walltime": 467.24879479408264
    }
  ],
  "state": {
    "queue": [
      [
        18,
        1
      ]
    ]
  }
}