{
  "incumbent_ids": [
    12
  ],
  "rejected_config_ids": [
    1,
    3,
    4,
    5,
    6,
    7,
    8,
    9,
    10,
    11,
    2,
    13,
    14,
    15,
    16,
    17,
    18,
    19,
    20
  ],
  "incumbents_changed": 3,
  "trajectory": [
    {
      "config_ids": [
        1
      ],
      "costs": [
        0.31006562265183335
      ],
      "trial": 1,
      "walltime": 15.674568176269531
    },
    {
      "config_ids": [
        2
      ],
      "costs": [
        0.23831596925875004
      ],
      "trial": 2,
      "walltime": 99.72393202781677
    },
    {
      "config_ids": [
        12
      ],
      "costs": [
        0.22575896792970837
      ],
      "trial": 12,
      "walltime": 708.9664006233215
    }
  ],
  "state": {
    "queue": [
      [
        20,
        1
      ]
    ]
  }
}