{
  "incumbent_ids": [
    47
  ],
  "rejected_config_ids": [
    2,
    3,
    4,
    5,
    6,
    7,
    8,
    9,
    10,
    11,
    12,
    13,
    14,
    15,
    16,
    17,
    18,
    19,
    20,
    21,
    22,
    23,
    24,
    25,
    26,
    1,
    28,
    29,
    30,
    31,
    32,
    33,
    34,
    35,
    36,
    37,
    38,
    39,
    40,
    41,
    42,
    43,
    44,
    45,
    46,
    27,
    48,
    49,
    50,
    51,
    52,
    53,
    54,
    55,
    56,
    57,
    58,
    59,
    60,
    61,
    62,
    63,
    64,
    65,
    66,
    67,
    68,
    69,
    70,
    71,
    72,
    73,
    74,
    75
  ],
  "incumbents_changed": 3,
  "trajectory": [
    {
      "config_ids": [
        1
      ],
      "costs": [
        6657.164828868621
      ],
      "trial": 1,
      "walltime": 188.6818904876709
    },
    {
      "config_ids": [
        27
      ],
      "costs": [
        2824.39819694954
      ],
      "trial": 27,
      "walltime": 2113.224924325943
    },
    {
      "config_ids": [
        47
      ],
      "costs": [
        2820.2834105621805
      ],
      "trial": 47,
      "walltime": 3769.9281775951385
    }
  ],
  "state": {
    "queue": [
      [
        75,
        1
      ]
    ]
  }
}