{
  "incumbent_ids": [
    58
  ],
  "rejected_config_ids": [
    1,
    3,
    4,
    5,
    6,
    7,
    8,
    9,
    10,
    11,
    12,
    13,
    14,
    15,
    16,
    17,
    18,
    19,
    20,
    21,
    22,
    23,
    24,
    25,
    26,
    27,
    28,
    29,
    30,
    31,
    32,
    33,
    34,
    35,
    36,
    37,
    38,
    39,
    40,
    41,
    42,
    43,
    44,
    45,
    46,
    47,
    48,
    49,
    50,
    51,
    52,
    53,
    54,
    55,
    56,
    57,
    2,
    59,
    60,
    61,
    62,
    63,
    64,
    65,
    66,
    67,
    68,
    69,
    70,
    71,
    72,
    73,
    74,
    75
  ],
  "incumbents_changed": 3,
  "trajectory": [
    {
      "config_ids": [
        1
      ],
      "costs": [
        1638.6737186348596
      ],
      "trial": 1,
      "walltime": 165.48179626464844
    },
    {
      "config_ids": [
        2
      ],
      "costs": [
        1598.3145751431402
      ],
      "trial": 2,
      "walltime": 195.7265863418579
    },
    {
      "config_ids": [
        58
      ],
      "costs": [
        1598.31099801754
      ],
      "trial": 58,
      "walltime": 3853.649096250534
    }
  ],
  "state": {
    "queue": [
      [
        75,
        1
      ]
    ]
  }
}