{
  "incumbent_ids": [
    49
  ],
  "rejected_config_ids": [
    1,
    2,
    4,
    5,
    6,
    7,
    8,
    9,
    10,
    11,
    12,
    13,
    14,
    15,
    16,
    17,
    18,
    19,
    20,
    21,
    22,
    23,
    24,
    25,
    26,
    27,
    28,
    29,
    30,
    31,
    32,
    33,
    34,
    35,
    36,
    37,
    38,
    39,
    40,
    41,
    42,
    43,
    44,
    45,
    46,
    47,
    48,
    3,
    50,
    51,
    52,
    53,
    54,
    55,
    56,
    57,
    58,
    59,
    60,
    61,
    62,
    63,
    64,
    65,
    66,
    67,
    68,
    69,
    70,
    71,
    72,
    73,
    74,
    75
  ],
  "incumbents_changed": 4,
  "trajectory": [
    {
      "config_ids": [
        1
      ],
      "costs": [
        1341.4418699468001
      ],
      "trial": 1,
      "walltime": 159.1429603099823
    },
    {
      "config_ids": [
        2
      ],
      "costs": [
        1337.0696335099801
      ],
      "trial": 2,
      "walltime": 186.72600626945496
    },
    {
      "config_ids": [
        3
      ],
      "costs": [
        1291.83047220558
      ],
      "trial": 3,
      "walltime": 211.98717594146729
    },
    {
      "config_ids": [
        49
      ],
      "costs": [
        1288.06436824392
      ],
      "trial": 49,
      "walltime": 3214.969513654709
    }
  ],
  "state": {
    "queue": [
      [
        75,
        1
      ]
    ]
  }
}