{
  "incumbent_ids": [
    26
  ],
  "rejected_config_ids": [
    2,
    3,
    4,
    1,
    6,
    7,
    8,
    9,
    10,
    11,
    12,
    13,
    14,
    15,
    16,
    17,
    18,
    19,
    20,
    21,
    22,
    23,
    24,
    25,
    5,
    27,
    28,
    29,
    30,
    31,
    32,
    33,
    34,
    35,
    36,
    37,
    38,
    39,
    40,
    41,
    42,
    43,
    44,
    45,
    46,
    47,
    48,
    49,
    50,
    51,
    52,
    53,
    54,
    55,
    56,
    57,
    58,
    59,
    60,
    61,
    62,
    63,
    64,
    65,
    66,
    67,
    68,
    69,
    70,
    71,
    72,
    73,
    74,
    75
  ],
  "incumbents_changed": 3,
  "trajectory": [
    {
      "config_ids": [
        1
      ],
      "costs": [
        0.19599589620983637
      ],
      "trial": 1,
      "walltime": 1.1177761554718018
    },
    {
      "config_ids": [
        5
      ],
      "costs": [
        0.19069366207172112
      ],
      "trial": 5,
      "walltime": 31.334295749664307
    },
    {
      "config_ids": [
        26
      ],
      "costs": [
        0.1840705765683346
      ],
      "trial": 26,
      "walltime": 199.58499717712402
    }
  ],
  "state": {
    "queue": [
      [
        75,
        1
      ]
    ]
  }
}