{
  "incumbent_ids": [
    18
  ],
  "rejected_config_ids": [
    1,
    3,
    4,
    5,
    6,
    7,
    8,
    9,
    10,
    11,
    12,
    13,
    14,
    15,
    16,
    2,
    17,
    19,
    20,
    21,
    22,
    23,
    24,
    25,
    26,
    27,
    28,
    29,
    30,
    31,
    32,
    33,
    34,
    35,
    36,
    37,
    38,
    39,
    40,
    41,
    42,
    43,
    44,
    45,
    46,
    47,
    48,
    49,
    50,
    51,
    52,
    53,
    54,
    55,
    56,
    57,
    58,
    59,
    60,
    61,
    62,
    63,
    64,
    65,
    66,
    67,
    68,
    69,
    70,
    71,
    72,
    73,
    74,
    75
  ],
  "incumbents_changed": 4,
  "trajectory": [
    {
      "config_ids": [
        1
      ],
      "costs": [
        4498.406426916381
      ],
      "trial": 1,
      "walltime": 147.58210802078247
    },
    {
      "config_ids": [
        2
      ],
      "costs": [
        4416.90522369274
      ],
      "trial": 2,
      "walltime": 174.97288298606873
    },
    {
      "config_ids": [
        17
      ],
      "costs": [
        4406.55685487144
      ],
      "trial": 17,
      "walltime": 1034.4281997680664
    },
    {
      "config_ids": [
        18
      ],
      "costs": [
        4340.39716912806
      ],
      "trial": 18,
      "walltime": 1068.7969062328339
    }
  ],
  "state": {
    "queue": [
      [
        75,
        1
      ]
    ]
  }
}