{
  "incumbent_ids": [
    71
  ],
  "rejected_config_ids": [
    1,
    3,
    4,
    5,
    6,
    7,
    8,
    9,
    10,
    11,
    12,
    13,
    14,
    15,
    2,
    17,
    18,
    19,
    20,
    21,
    22,
    23,
    24,
    25,
    26,
    27,
    28,
    29,
    30,
    31,
    32,
    33,
    34,
    35,
    36,
    37,
    38,
    39,
    40,
    41,
    42,
    43,
    44,
    45,
    46,
    47,
    48,
    49,
    50,
    51,
    52,
    53,
    54,
    55,
    56,
    57,
    58,
    59,
    60,
    61,
    62,
    63,
    64,
    65,
    66,
    67,
    68,
    69,
    70,
    16,
    72,
    73,
    74,
    75
  ],
  "incumbents_changed": 4,
  "trajectory": [
    {
      "config_ids": [
        1
      ],
      "costs": [
        1525.6898501749602
      ],
      "trial": 1,
      "walltime": 191.27574825286865
    },
    {
      "config_ids": [
        2
      ],
      "costs": [
        1517.5223692646202
      ],
      "trial": 2,
      "walltime": 225.5711531639099
    },
    {
      "config_ids": [
        16
      ],
      "costs": [
        1509.3656507809203
      ],
      "trial": 16,
      "walltime": 1319.7597482204437
    },
    {
      "config_ids": [
        71
      ],
      "costs": [
        1502.3436485982402
      ],
      "trial": 71,
      "walltime": 8005.091278076172
    }
  ],
  "state": {
    "queue": [
      [
        75,
        1
      ]
    ]
  }
}