{
  "incumbent_ids": [
    3
  ],
  "rejected_config_ids": [
    2,
    1,
    4,
    5,
    6
  ],
  "incumbents_changed": 2,
  "trajectory": [
    {
      "config_ids": [
        1
      ],
      "costs": [
        0.42940170909920833
      ],
      "trial": 1,
      "walltime": 51.52149844169617
    },
    {
      "config_ids": [
        3
      ],
      "costs": [
        0.4195425153445
      ],
      "trial": 3,
      "walltime": 492.9643542766571
    }
  ],
  "state": {
    "queue": [
      [
        6,
        1
      ]
    ]
  }
}