{
  "incumbent_ids": [
    15
  ],
  "rejected_config_ids": [
    2,
    3,
    4,
    5,
    6,
    1,
    8,
    9,
    10,
    11,
    12,
    13,
    14,
    7,
    16,
    17,
    18,
    19,
    20,
    21,
    22,
    23,
    24,
    25
  ],
  "incumbents_changed": 3,
  "trajectory": [
    {
      "config_ids": [
        1
      ],
      "costs": [
        0.002384664990041667
      ],
      "trial": 1,
      "walltime": 5.433074712753296
    },
    {
      "config_ids": [
        7
      ],
      "costs": [
        0.0010991132172916676
      ],
      "trial": 7,
      "walltime": 117.6879551410675
    },
    {
      "config_ids": [
        15
      ],
      "costs": [
        0.0009691354684166684
      ],
      "trial": 15,
      "walltime": 225.2225935459137
    }
  ],
  "state": {
    "queue": [
      [
        25,
        1
      ]
    ]
  }
}