{
  "incumbent_ids": [
    55
  ],
  "rejected_config_ids": [
    2,
    3,
    4,
    5,
    6,
    7,
    8,
    9,
    10,
    11,
    12,
    13,
    14,
    15,
    1,
    17,
    18,
    19,
    20,
    21,
    22,
    23,
    24,
    25,
    26,
    27,
    28,
    29,
    30,
    31,
    32,
    33,
    34,
    35,
    16,
    37,
    38,
    39,
    40,
    41,
    42,
    43,
    44,
    45,
    46,
    47,
    48,
    49,
    50,
    51,
    52,
    53,
    54,
    36,
    56,
    57,
    58,
    59,
    60,
    61,
    62,
    63,
    64,
    65,
    66,
    67,
    68,
    69,
    70,
    71,
    72,
    73,
    74,
    75
  ],
  "incumbents_changed": 4,
  "trajectory": [
    {
      "config_ids": [
        1
      ],
      "costs": [
        1210.62108312974
      ],
      "trial": 1,
      "walltime": 185.15520882606506
    },
    {
      "config_ids": [
        16
      ],
      "costs": [
        1199.64064333624
      ],
      "trial": 16,
      "walltime": 1274.580768585205
    },
    {
      "config_ids": [
        36
      ],
      "costs": [
        1194.394368152
      ],
      "trial": 36,
      "walltime": 4517.998291254044
    },
    {
      "config_ids": [
        55
      ],
      "costs": [
        1191.7920961595398
      ],
      "trial": 55,
      "walltime": 6545.622341632843
    }
  ],
  "state": {
    "queue": [
      [
        75,
        1
      ]
    ]
  }
}