{
  "incumbent_ids": [
    8
  ],
  "rejected_config_ids": [
    1,
    3,
    4,
    5,
    6,
    7,
    2,
    9,
    10,
    11,
    12,
    13,
    14,
    15
  ],
  "incumbents_changed": 3,
  "trajectory": [
    {
      "config_ids": [
        1
      ],
      "costs": [
        0.2984407022325417
      ],
      "trial": 1,
      "walltime": 15.592456579208374
    },
    {
      "config_ids": [
        2
      ],
      "costs": [
        0.19603335127304167
      ],
      "trial": 2,
      "walltime": 101.50789380073547
    },
    {
      "config_ids": [
        8
      ],
      "costs": [
        0.18082160297016667
      ],
      "trial": 8,
      "walltime": 507.87401247024536
    }
  ],
  "state": {
    "queue": [
      [
        15,
        1
      ]
    ]
  }
}