{
  "incumbent_ids": [
    9
  ],
  "rejected_config_ids": [
    2,
    3,
    1,
    5,
    6,
    7,
    8,
    4,
    10,
    11,
    12,
    13,
    14,
    15,
    16,
    17,
    18,
    19,
    20,
    21,
    22,
    23,
    24,
    25,
    26,
    27,
    28,
    29,
    30,
    31,
    32,
    33,
    34,
    35,
    36,
    37,
    38,
    39,
    40,
    41,
    42,
    43,
    44,
    45,
    46,
    47,
    48,
    49,
    50,
    51,
    52,
    53,
    54,
    55,
    56,
    57,
    58,
    59,
    60,
    61,
    62,
    63,
    64,
    65,
    66,
    67,
    68,
    69,
    70,
    71,
    72,
    73,
    74,
    75
  ],
  "incumbents_changed": 3,
  "trajectory": [
    {
      "config_ids": [
        1
      ],
      "costs": [
        2075.31918685932
      ],
      "trial": 1,
      "walltime": 155.97228145599365
    },
    {
      "config_ids": [
        4
      ],
      "costs": [
        2070.5490415890804
      ],
      "trial": 4,
      "walltime": 250.2294545173645
    },
    {
      "config_ids": [
        9
      ],
      "costs": [
        2054.345898387
      ],
      "trial": 9,
      "walltime": 592.4058017730713
    }
  ],
  "state": {
    "queue": [
      [
        75,
        1
      ]
    ]
  }
}