{
  "incumbent_ids": [
    40
  ],
  "rejected_config_ids": [
    2,
    3,
    4,
    5,
    6,
    7,
    8,
    9,
    10,
    11,
    12,
    13,
    14,
    15,
    1,
    17,
    18,
    19,
    20,
    21,
    22,
    23,
    24,
    25,
    26,
    27,
    28,
    29,
    30,
    31,
    32,
    33,
    34,
    35,
    36,
    37,
    38,
    39,
    16,
    41,
    42,
    43,
    44,
    45,
    46,
    47,
    48,
    49,
    50,
    51,
    52,
    53,
    54,
    55,
    56,
    57,
    58,
    59,
    60,
    61,
    62,
    63,
    64,
    65,
    66,
    67,
    68,
    69,
    70,
    71,
    72,
    73,
    74,
    75
  ],
  "incumbents_changed": 3,
  "trajectory": [
    {
      "config_ids": [
        1
      ],
      "costs": [
        1377.5712266650003
      ],
      "trial": 1,
      "walltime": 155.9131417274475
    },
    {
      "config_ids": [
        16
      ],
      "costs": [
        1367.60195260796
      ],
      "trial": 16,
      "walltime": 1079.698415517807
    },
    {
      "config_ids": [
        40
      ],
      "costs": [
        1363.6820406876002
      ],
      "trial": 40,
      "walltime": 3529.6834025382996
    }
  ],
  "state": {
    "queue": [
      [
        75,
        1
      ]
    ]
  }
}