{
  "incumbent_ids": [
    13
  ],
  "rejected_config_ids": [
    2,
    3,
    4,
    5,
    6,
    1,
    8,
    9,
    10,
    11,
    12,
    7,
    14,
    15,
    16,
    17,
    18,
    19,
    20,
    21,
    22,
    23,
    24,
    25,
    26,
    27,
    28,
    29,
    30,
    31,
    32,
    33,
    34,
    35,
    36,
    37,
    38,
    39,
    40,
    41,
    42,
    43,
    44,
    45,
    46,
    47,
    48,
    49,
    50,
    51,
    52,
    53,
    54,
    55,
    56,
    57,
    58,
    59,
    60,
    61,
    62,
    63,
    64,
    65,
    66,
    67,
    68,
    69,
    70,
    71,
    72,
    73,
    74,
    75
  ],
  "incumbents_changed": 3,
  "trajectory": [
    {
      "config_ids": [
        1
      ],
      "costs": [
        0.25554911982125
      ],
      "trial": 1,
      "walltime": 23.34080743789673
    },
    {
      "config_ids": [
        7
      ],
      "costs": [
        0.255088411016875
      ],
      "trial": 7,
      "walltime": 582.2622950077057
    },
    {
      "config_ids": [
        13
      ],
      "costs": [
        0.22252612567108337
      ],
      "trial": 13,
      "walltime": 1012.2498559951782
    }
  ],
  "state": {
    "queue": [
      [
        75,
        1
      ]
    ]
  }
}