{
  "incumbent_ids": [
    16
  ],
  "rejected_config_ids": [
    2,
    3,
    4,
    5,
    6,
    7,
    1,
    9,
    10,
    8,
    12,
    13,
    14,
    15,
    11,
    17,
    18,
    19,
    20,
    21,
    22,
    23,
    24,
    25,
    26,
    27,
    28,
    29
  ],
  "incumbents_changed": 4,
  "trajectory": [
    {
      "config_ids": [
        1
      ],
      "costs": [
        1271.72418421986
      ],
      "trial": 1,
      "walltime": 217.31765818595886
    },
    {
      "config_ids": [
        8
      ],
      "costs": [
        1270.60598402228
      ],
      "trial": 8,
      "walltime": 821.7576313018799
    },
    {
      "config_ids": [
        11
      ],
      "costs": [
        1266.6556507210003
      ],
      "trial": 11,
      "walltime": 952.6829121112823
    },
    {
      "config_ids": [
        16
      ],
      "costs": [
        1252.1551218147001
      ],
      "trial": 16,
      "walltime": 1515.9739837646484
    }
  ],
  "state": {
    "queue": [
      [
        30,
        1
      ]
    ]
  }
}