{
  "incumbent_ids": [
    16
  ],
  "rejected_config_ids": [
    1,
    3,
    2,
    5,
    6,
    7,
    8,
    9,
    10,
    11,
    12,
    13,
    14,
    15,
    4,
    17,
    18,
    19,
    20,
    21,
    22,
    23,
    24,
    25,
    26,
    27,
    28,
    29,
    30,
    31,
    32,
    33,
    34,
    35,
    36,
    37,
    38,
    39,
    40,
    41,
    42,
    43,
    44,
    45,
    46,
    47,
    48,
    49,
    50,
    51,
    52,
    53,
    54,
    55,
    56,
    57,
    58,
    59,
    60,
    61,
    62,
    63,
    64,
    65,
    66,
    67,
    68,
    69,
    70,
    71,
    72,
    73,
    74,
    75
  ],
  "incumbents_changed": 4,
  "trajectory": [
    {
      "config_ids": [
        1
      ],
      "costs": [
        1261.7180860142798
      ],
      "trial": 1,
      "walltime": 171.9307930469513
    },
    {
      "config_ids": [
        2
      ],
      "costs": [
        1229.76774061424
      ],
      "trial": 2,
      "walltime": 201.73885893821716
    },
    {
      "config_ids": [
        4
      ],
      "costs": [
        1220.86046379074
      ],
      "trial": 4,
      "walltime": 270.92695236206055
    },
    {
      "config_ids": [
        16
      ],
      "costs": [
        1210.85812116816
      ],
      "trial": 16,
      "walltime": 1171.3227043151855
    }
  ],
  "state": {
    "queue": [
      [
        75,
        1
      ]
    ]
  }
}