{
  "incumbent_ids": [
    20
  ],
  "rejected_config_ids": [
    2,
    3,
    4,
    1,
    6,
    7,
    8,
    9,
    10,
    11,
    12,
    5,
    14,
    15,
    16,
    17,
    18,
    19,
    13,
    21,
    22,
    23,
    24,
    25,
    26,
    27,
    28,
    29,
    30,
    31,
    32,
    33,
    34,
    35,
    36,
    37,
    38,
    39,
    40,
    41,
    42,
    43,
    44,
    45,
    46
  ],
  "incumbents_changed": 4,
  "trajectory": [
    {
      "config_ids": [
        1
      ],
      "costs": [
        1161.8399056736998
      ],
      "trial": 1,
      "walltime": 178.45163369178772
    },
    {
      "config_ids": [
        5
      ],
      "costs": [
        1156.18172956646
      ],
      "trial": 5,
      "walltime": 361.21563029289246
    },
    {
      "config_ids": [
        13
      ],
      "costs": [
        1155.3679695646001
      ],
      "trial": 13,
      "walltime": 951.4530689716339
    },
    {
      "config_ids": [
        20
      ],
      "costs": [
        1148.71421751754
      ],
      "trial": 20,
      "walltime": 1411.1180868148804
    }
  ],
  "state": {
    "queue": [
      [
        46,
        1
      ]
    ]
  }
}