{
  "incumbent_ids": [
    11
  ],
  "rejected_config_ids": [
    1,
    3,
    4,
    5,
    6,
    7,
    2,
    9,
    10,
    8,
    12,
    13,
    14,
    15,
    16,
    17,
    18
  ],
  "incumbents_changed": 4,
  "trajectory": [
    {
      "config_ids": [
        1
      ],
      "costs": [
        1.3551747383617914
      ],
      "trial": 1,
      "walltime": 16.543529510498047
    },
    {
      "config_ids": [
        2
      ],
      "costs": [
        0.9976789566231666
      ],
      "trial": 2,
      "walltime": 108.41864705085754
    },
    {
      "config_ids": [
        8
      ],
      "costs": [
        0.9857963246048751
      ],
      "trial": 8,
      "walltime": 473.99359488487244
    },
    {
      "config_ids": [
        11
      ],
      "costs": [
        0.973999185139875
      ],
      "trial": 11,
      "walltime": 658.8886232376099
    }
  ],
  "state": {
    "queue": [
      [
        18,
        1
      ]
    ]
  }
}