{
  "incumbent_ids": [
    18
  ],
  "rejected_config_ids": [
    2,
    3,
    4,
    5,
    6,
    7,
    8,
    9,
    10,
    11,
    12,
    13,
    14,
    15,
    16,
    17,
    1,
    19,
    20,
    21,
    22,
    23,
    24,
    25,
    26,
    27,
    28,
    29,
    30,
    31,
    32,
    33,
    34,
    35,
    36,
    37,
    38,
    39,
    40,
    41,
    42,
    43,
    44,
    45,
    46,
    47,
    48,
    49,
    50,
    51,
    52,
    53,
    54,
    55,
    56,
    57,
    58,
    59,
    60,
    61,
    62,
    63,
    64,
    65,
    66,
    67,
    68,
    69,
    70,
    71,
    72,
    73,
    74,
    75
  ],
  "incumbents_changed": 2,
  "trajectory": [
    {
      "config_ids": [
        1
      ],
      "costs": [
        657.70791626324
      ],
      "trial": 1,
      "walltime": 686.1686339378357
    },
    {
      "config_ids": [
        18
      ],
      "costs": [
        645.50773051892
      ],
      "trial": 18,
      "walltime": 4964.816193580627
    }
  ],
  "state": {
    "queue": [
      [
        75,
        1
      ]
    ]
  }
}