{
  "incumbent_ids": [
    2
  ],
  "rejected_config_ids": [
    1,
    3,
    4
  ],
  "incumbents_changed": 2,
  "trajectory": [
    {
      "config_ids": [
        1
      ],
      "costs": [
        971.1897438305999
      ],
      "trial": 1,
      "walltime": 520.7147245407104
    },
    {
      "config_ids": [
        2
      ],
      "costs": [
        943.7220713332201
      ],
      "trial": 2,
      "walltime": 619.8720445632935
    }
  ],
  "state": {
    "queue": [
      [
        5,
        1
      ]
    ]
  }
}