{
  "incumbent_ids": [
    7
  ],
  "rejected_config_ids": [
    1,
    3,
    4,
    5,
    2,
    6,
    8,
    9,
    10,
    11,
    12,
    13,
    14
  ],
  "incumbents_changed": 4,
  "trajectory": [
    {
      "config_ids": [
        1
      ],
      "costs": [
        0.9429206119188333
      ],
      "trial": 1,
      "walltime": 15.286319494247437
    },
    {
      "config_ids": [
        2
      ],
      "costs": [
        0.5680049298656668
      ],
      "trial": 2,
      "walltime": 101.87864422798157
    },
    {
      "config_ids": [
        6
      ],
      "costs": [
        0.5515810989460416
      ],
      "trial": 6,
      "walltime": 326.36789202690125
    },
    {
      "config_ids": [
        7
      ],
      "costs": [
        0.5071064254370834
      ],
      "trial": 7,
      "walltime": 426.7291467189789
    }
  ],
  "state": {
    "queue": [
      [
        14,
        1
      ]
    ]
  }
}