{
  "incumbent_ids": [
    35
  ],
  "rejected_config_ids": [
    2,
    3,
    4,
    1,
    6,
    7,
    8,
    9,
    10,
    11,
    12,
    13,
    14,
    15,
    16,
    17,
    18,
    5,
    20,
    21,
    22,
    23,
    24,
    25,
    26,
    27,
    28,
    29,
    30,
    31,
    32,
    33,
    34,
    19,
    36,
    37,
    38,
    39,
    40,
    41,
    42,
    43,
    44,
    45,
    46,
    47,
    48,
    49,
    50,
    51,
    52,
    53,
    54,
    55,
    56,
    57,
    58,
    59,
    60,
    61,
    62,
    63,
    64,
    65,
    66,
    67,
    68,
    69,
    70,
    71,
    72,
    73,
    74,
    75
  ],
  "incumbents_changed": 4,
  "trajectory": [
    {
      "config_ids": [
        1
      ],
      "costs": [
        -1179.1248332804487
      ],
      "trial": 1,
      "walltime": 147.9846670627594
    },
    {
      "config_ids": [
        5
      ],
      "costs": [
        -1179.9232163737229
      ],
      "trial": 5,
      "walltime": 315.88874101638794
    },
    {
      "config_ids": [
        19
      ],
      "costs": [
        -1180.768974925942
      ],
      "trial": 19,
      "walltime": 1057.3074898719788
    },
    {
      "config_ids": [
        35
      ],
      "costs": [
        -1181.7003061439402
      ],
      "trial": 35,
      "walltime": 1726.567421913147
    }
  ],
  "state": {
    "queue": [
      [
        75,
        1
      ]
    ]
  }
}