{
  "incumbent_ids": [
    16
  ],
  "rejected_config_ids": [
    2,
    3,
    4,
    1,
    6,
    7,
    8,
    9,
    10,
    11,
    12,
    13,
    14,
    15,
    5,
    17,
    18,
    19,
    20,
    21,
    22,
    23,
    24,
    25,
    26,
    27,
    28,
    29,
    30,
    31,
    32,
    33,
    34,
    35,
    36,
    37,
    38,
    39,
    40,
    41,
    42,
    43,
    44,
    45,
    46,
    47,
    48,
    49,
    50,
    51,
    52
  ],
  "incumbents_changed": 3,
  "trajectory": [
    {
      "config_ids": [
        1
      ],
      "costs": [
        1225.7812798875798
      ],
      "trial": 1,
      "walltime": 169.32492065429688
    },
    {
      "config_ids": [
        5
      ],
      "costs": [
        1202.5738188013397
      ],
      "trial": 5,
      "walltime": 349.3714427947998
    },
    {
      "config_ids": [
        16
      ],
      "costs": [
        1175.5800786391198
      ],
      "trial": 16,
      "walltime": 1099.388160943985
    }
  ],
  "state": {
    "queue": [
      [
        52,
        1
      ]
    ]
  }
}