{
  "incumbent_ids": [
    52
  ],
  "rejected_config_ids": [
    2,
    3,
    4,
    5,
    6,
    7,
    8,
    9,
    10,
    11,
    12,
    13,
    14,
    15,
    1,
    17,
    18,
    19,
    20,
    21,
    22,
    23,
    24,
    25,
    26,
    27,
    28,
    29,
    30,
    31,
    32,
    33,
    34,
    35,
    36,
    37,
    38,
    39,
    40,
    41,
    42,
    43,
    44,
    45,
    46,
    47,
    48,
    49,
    50,
    51,
    16,
    53,
    54,
    55,
    56,
    57,
    58,
    59,
    60,
    61,
    62,
    63,
    64,
    65,
    66,
    67,
    68,
    69,
    70,
    71,
    72,
    73,
    74,
    75
  ],
  "incumbents_changed": 3,
  "trajectory": [
    {
      "config_ids": [
        1
      ],
      "costs": [
        1639.3680024790199
      ],
      "trial": 1,
      "walltime": 186.46674871444702
    },
    {
      "config_ids": [
        16
      ],
      "costs": [
        1616.19990151338
      ],
      "trial": 16,
      "walltime": 1284.0095822811127
    },
    {
      "config_ids": [
        52
      ],
      "costs": [
        1616.0568362282397
      ],
      "trial": 52,
      "walltime": 5229.802238702774
    }
  ],
  "state": {
    "queue": [
      [
        75,
        1
      ]
    ]
  }
}