{
  "incumbent_ids": [
    16
  ],
  "rejected_config_ids": [
    2,
    3,
    4,
    5,
    1,
    7,
    8,
    9,
    10,
    11,
    6,
    13,
    14,
    15,
    12,
    17,
    18
  ],
  "incumbents_changed": 4,
  "trajectory": [
    {
      "config_ids": [
        1
      ],
      "costs": [
        0.12788671876274998
      ],
      "trial": 1,
      "walltime": 12.703752756118774
    },
    {
      "config_ids": [
        6
      ],
      "costs": [
        0.11917722063779164
      ],
      "trial": 6,
      "walltime": 268.8970546722412
    },
    {
      "config_ids": [
        12
      ],
      "costs": [
        0.11865007188037499
      ],
      "trial": 12,
      "walltime": 682.0311760902405
    },
    {
      "config_ids": [
        16
      ],
      "costs": [
        0.11843589689145835
      ],
      "trial": 16,
      "walltime": 947.8315880298615
    }
  ],
  "state": {
    "queue": [
      [
        18,
        1
      ]
    ]
  }
}