{
  "incumbent_ids": [
    3
  ],
  "rejected_config_ids": [
    2,
    1,
    4,
    5,
    6,
    7,
    8,
    9,
    10,
    11,
    12
  ],
  "incumbents_changed": 2,
  "trajectory": [
    {
      "config_ids": [
        1
      ],
      "costs": [
        0.21351596552854163
      ],
      "trial": 1,
      "walltime": 25.52241063117981
    },
    {
      "config_ids": [
        3
      ],
      "costs": [
        0.19501346518808335
      ],
      "trial": 3,
      "walltime": 241.22844791412354
    }
  ],
  "state": {
    "queue": [
      [
        12,
        1
      ]
    ]
  }
}