{
  "incumbent_ids": [
    50
  ],
  "rejected_config_ids": [
    1,
    3,
    4,
    5,
    6,
    7,
    8,
    9,
    10,
    11,
    12,
    13,
    14,
    15,
    16,
    17,
    18,
    19,
    20,
    21,
    22,
    23,
    24,
    25,
    26,
    27,
    28,
    29,
    30,
    31,
    32,
    33,
    34,
    35,
    36,
    37,
    38,
    39,
    40,
    41,
    42,
    2,
    44,
    45,
    46,
    47,
    48,
    49,
    43,
    51,
    52,
    53,
    54,
    55,
    56,
    57,
    58,
    59,
    60,
    61,
    62,
    63,
    64,
    65,
    66,
    67,
    68,
    69,
    70,
    71,
    72,
    73,
    74,
    75
  ],
  "incumbents_changed": 4,
  "trajectory": [
    {
      "config_ids": [
        1
      ],
      "costs": [
        -2465.9021744397323
      ],
      "trial": 1,
      "walltime": 145.92968821525574
    },
    {
      "config_ids": [
        2
      ],
      "costs": [
        -2494.7446711825546
      ],
      "trial": 2,
      "walltime": 167.7752549648285
    },
    {
      "config_ids": [
        43
      ],
      "costs": [
        -2496.8421631862375
      ],
      "trial": 43,
      "walltime": 1763.5948958396912
    },
    {
      "config_ids": [
        50
      ],
      "costs": [
        -2506.8661937852694
      ],
      "trial": 50,
      "walltime": 1955.3650748729706
    }
  ],
  "state": {
    "queue": [
      [
        75,
        1
      ]
    ]
  }
}