{
  "incumbent_ids": [
    14
  ],
  "rejected_config_ids": [
    1,
    3,
    2,
    5,
    6,
    7,
    8,
    9,
    10,
    11,
    12,
    13,
    4,
    15,
    16,
    17,
    18,
    19,
    20,
    21,
    22,
    23,
    24,
    25,
    26,
    27,
    28,
    29,
    30,
    31,
    32,
    33,
    34,
    35,
    36,
    37,
    38,
    39,
    40,
    41,
    42,
    43,
    44,
    45,
    46,
    47,
    48,
    49,
    50,
    51,
    52,
    53,
    54,
    55,
    56,
    57,
    58,
    59,
    60,
    61,
    62,
    63,
    64,
    65,
    66,
    67,
    68,
    69,
    70,
    71,
    72,
    73,
    74,
    75
  ],
  "incumbents_changed": 4,
  "trajectory": [
    {
      "config_ids": [
        1
      ],
      "costs": [
        1980.5653419750001
      ],
      "trial": 1,
      "walltime": 173.91711378097534
    },
    {
      "config_ids": [
        2
      ],
      "costs": [
        1973.6823403580997
      ],
      "trial": 2,
      "walltime": 204.6760721206665
    },
    {
      "config_ids": [
        4
      ],
      "costs": [
        1965.8146035411198
      ],
      "trial": 4,
      "walltime": 277.1593723297119
    },
    {
      "config_ids": [
        14
      ],
      "costs": [
        1962.5173316692403
      ],
      "trial": 14,
      "walltime": 1019.5110929012299
    }
  ],
  "state": {
    "queue": [
      [
        75,
        1
      ]
    ]
  }
}