{
  "incumbent_ids": [
    20
  ],
  "rejected_config_ids": [
    2,
    3,
    4,
    1,
    6,
    7,
    8,
    9,
    10,
    11,
    12,
    5,
    14,
    15,
    16,
    17,
    18,
    19,
    13,
    21,
    22,
    23,
    24,
    25,
    26,
    27,
    28,
    29,
    30,
    31,
    32,
    33,
    34,
    35,
    36,
    37,
    38,
    39,
    40,
    41,
    42,
    43,
    44
  ],
  "incumbents_changed": 4,
  "trajectory": [
    {
      "config_ids": [
        1
      ],
      "costs": [
        1159.47794572742
      ],
      "trial": 1,
      "walltime": 177.8901882171631
    },
    {
      "config_ids": [
        5
      ],
      "costs": [
        1135.70990059414
      ],
      "trial": 5,
      "walltime": 378.43575644493103
    },
    {
      "config_ids": [
        13
      ],
      "costs": [
        1127.6792760848598
      ],
      "trial": 13,
      "walltime": 1006.3130285739899
    },
    {
      "config_ids": [
        20
      ],
      "costs": [
        1126.2838540141997
      ],
      "trial": 20,
      "walltime": 1520.4207603931427
    }
  ],
  "state": {
    "queue": [
      [
        44,
        1
      ]
    ]
  }
}