{
  "incumbent_ids": [
    42
  ],
  "rejected_config_ids": [
    2,
    3,
    4,
    1,
    6,
    7,
    8,
    9,
    10,
    11,
    12,
    13,
    14,
    15,
    16,
    17,
    5,
    19,
    20,
    21,
    22,
    23,
    24,
    25,
    26,
    27,
    28,
    29,
    30,
    31,
    32,
    33,
    34,
    35,
    36,
    37,
    38,
    39,
    40,
    41,
    18,
    43,
    44,
    45,
    46,
    47,
    48,
    49,
    50,
    51,
    52,
    53,
    54,
    55,
    56,
    57,
    58,
    59,
    60,
    61,
    62,
    63,
    64,
    65,
    66,
    67,
    68,
    69,
    70,
    71,
    72,
    73,
    74,
    75
  ],
  "incumbents_changed": 4,
  "trajectory": [
    {
      "config_ids": [
        1
      ],
      "costs": [
        2730.4031665574403
      ],
      "trial": 1,
      "walltime": 149.41189742088318
    },
    {
      "config_ids": [
        5
      ],
      "costs": [
        2705.03619021272
      ],
      "trial": 5,
      "walltime": 319.64107060432434
    },
    {
      "config_ids": [
        18
      ],
      "costs": [
        2702.26962840146
      ],
      "trial": 18,
      "walltime": 1060.4253301620483
    },
    {
      "config_ids": [
        42
      ],
      "costs": [
        2701.31982332956
      ],
      "trial": 42,
      "walltime": 1999.7481367588043
    }
  ],
  "state": {
    "queue": [
      [
        75,
        1
      ]
    ]
  }
}