{
  "incumbent_ids": [
    9
  ],
  "rejected_config_ids": [
    2,
    3,
    4,
    5,
    6,
    7,
    8,
    1,
    10,
    11
  ],
  "incumbents_changed": 2,
  "trajectory": [
    {
      "config_ids": [
        1
      ],
      "costs": [
        0.312073913510875
      ],
      "trial": 1,
      "walltime": 38.96302795410156
    },
    {
      "config_ids": [
        9
      ],
      "costs": [
        0.3095980074165417
      ],
      "trial": 9,
      "walltime": 896.5117366313934
    }
  ],
  "state": {
    "queue": [
      [
        11,
        1
      ]
    ]
  }
}