{
  "incumbent_ids": [
    30
  ],
  "rejected_config_ids": [
    1,
    3,
    4,
    5,
    6,
    7,
    8,
    2,
    10,
    11,
    12,
    13,
    14,
    15,
    16,
    17,
    18,
    19,
    20,
    21,
    22,
    23,
    24,
    25,
    26,
    27,
    28,
    29,
    9,
    31,
    32,
    33,
    34,
    35,
    36,
    37,
    38,
    39,
    40,
    41,
    42,
    43,
    44,
    45,
    46,
    47,
    48,
    49,
    50,
    51,
    52,
    53,
    54,
    55,
    56,
    57,
    58,
    59,
    60,
    61,
    62,
    63,
    64,
    65,
    66,
    67,
    68,
    69,
    70,
    71,
    72,
    73,
    74,
    75
  ],
  "incumbents_changed": 4,
  "trajectory": [
    {
      "config_ids": [
        1
      ],
      "costs": [
        4817.8900248176
      ],
      "trial": 1,
      "walltime": 174.38740158081055
    },
    {
      "config_ids": [
        2
      ],
      "costs": [
        4670.872399038899
      ],
      "trial": 2,
      "walltime": 376.21086978912354
    },
    {
      "config_ids": [
        9
      ],
      "costs": [
        4602.4063019609985
      ],
      "trial": 9,
      "walltime": 1602.9000539779663
    },
    {
      "config_ids": [
        30
      ],
      "costs": [
        4591.763781917599
      ],
      "trial": 30,
      "walltime": 5061.787239789963
    }
  ],
  "state": {
    "queue": [
      [
        75,
        1
      ]
    ]
  }
}