{
  "incumbent_ids": [
    13
  ],
  "rejected_config_ids": [
    2,
    3,
    1,
    4,
    6,
    7,
    8,
    9,
    10,
    11,
    12,
    5,
    14,
    15,
    16,
    17,
    18,
    19,
    20,
    21,
    22,
    23,
    24,
    25,
    26,
    27,
    28,
    29,
    30,
    31,
    32,
    33,
    34,
    35,
    36,
    37,
    38,
    39,
    40,
    41,
    42,
    43,
    44,
    45,
    46,
    47,
    48,
    49,
    50,
    51,
    52,
    53,
    54,
    55,
    56,
    57,
    58,
    59,
    60,
    61,
    62,
    63,
    64,
    65,
    66,
    67,
    68,
    69,
    70,
    71,
    72,
    73,
    74,
    75
  ],
  "incumbents_changed": 4,
  "trajectory": [
    {
      "config_ids": [
        1
      ],
      "costs": [
        1548.2170096683399
      ],
      "trial": 1,
      "walltime": 180.83316373825073
    },
    {
      "config_ids": [
        4
      ],
      "costs": [
        1544.63991124644
      ],
      "trial": 4,
      "walltime": 288.70324301719666
    },
    {
      "config_ids": [
        5
      ],
      "costs": [
        1540.2379326027399
      ],
      "trial": 5,
      "walltime": 389.6712770462036
    },
    {
      "config_ids": [
        13
      ],
      "costs": [
        1531.1091324468202
      ],
      "trial": 13,
      "walltime": 1040.000757932663
    }
  ],
  "state": {
    "queue": [
      [
        75,
        1
      ]
    ]
  }
}