{
  "incumbent_ids": [
    70
  ],
  "rejected_config_ids": [
    2,
    3,
    1,
    5,
    6,
    7,
    8,
    4,
    10,
    11,
    12,
    13,
    14,
    15,
    16,
    17,
    18,
    19,
    20,
    21,
    22,
    23,
    24,
    25,
    26,
    27,
    28,
    29,
    30,
    31,
    32,
    33,
    34,
    35,
    36,
    37,
    38,
    39,
    40,
    41,
    42,
    43,
    44,
    45,
    46,
    47,
    48,
    49,
    50,
    51,
    52,
    53,
    54,
    55,
    56,
    57,
    58,
    59,
    60,
    61,
    62,
    63,
    64,
    65,
    66,
    67,
    68,
    69,
    9,
    71,
    72,
    73,
    74,
    75
  ],
  "incumbents_changed": 4,
  "trajectory": [
    {
      "config_ids": [
        1
      ],
      "costs": [
        1700.11944104736
      ],
      "trial": 1,
      "walltime": 142.62953734397888
    },
    {
      "config_ids": [
        4
      ],
      "costs": [
        1681.33287664784
      ],
      "trial": 4,
      "walltime": 230.0279107093811
    },
    {
      "config_ids": [
        9
      ],
      "costs": [
        1674.0728468966201
      ],
      "trial": 9,
      "walltime": 593.830189704895
    },
    {
      "config_ids": [
        70
      ],
      "costs": [
        1666.8264723946602
      ],
      "trial": 70,
      "walltime": 2984.1764318943024
    }
  ],
  "state": {
    "queue": [
      [
        75,
        1
      ]
    ]
  }
}