{
  "incumbent_ids": [
    29
  ],
  "rejected_config_ids": [
    2,
    3,
    4,
    1,
    6,
    7,
    8,
    9,
    10,
    11,
    12,
    13,
    14,
    15,
    16,
    5,
    18,
    19,
    20,
    21,
    22,
    23,
    24,
    25,
    26,
    27,
    28,
    17,
    30,
    31,
    32,
    33,
    34,
    35,
    36,
    37,
    38,
    39,
    40,
    41,
    42,
    43,
    44,
    45,
    46,
    47,
    48,
    49,
    50,
    51,
    52,
    53,
    54,
    55,
    56,
    57,
    58,
    59,
    60,
    61,
    62,
    63,
    64,
    65,
    66,
    67,
    68,
    69,
    70,
    71,
    72,
    73,
    74,
    75
  ],
  "incumbents_changed": 4,
  "trajectory": [
    {
      "config_ids": [
        1
      ],
      "costs": [
        0.003889583715326994
      ],
      "trial": 1,
      "walltime": 0.6705656051635742
    },
    {
      "config_ids": [
        5
      ],
      "costs": [
        0.002384005048404858
      ],
      "trial": 5,
      "walltime": 19.622865676879883
    },
    {
      "config_ids": [
        17
      ],
      "costs": [
        0.002167790356616406
      ],
      "trial": 17,
      "walltime": 71.05306053161621
    },
    {
      "config_ids": [
        29
      ],
      "costs": [
        0.0015191447568309036
      ],
      "trial": 29,
      "walltime": 112.20808911323547
    }
  ],
  "state": {
    "queue": [
      [
        75,
        1
      ]
    ]
  }
}