group,activity_sum,net_sum,signed_sum,cancel_pct,activity_share,net_share
Group_1,2197.5402603842845,1680.1145756653252,393.4679783120117,23.54567486415369,0.8505882465077551,0.8268168499063988
Group_3,298.5454575123149,281.96367739159876,51.507847664983856,5.554189388405984,0.11555613418606903,0.13875977442587534
Group_2,87.46780451178795,69.94924596601604,16.440413552681107,20.028579251022293,0.033855619306175824,0.034423375667725825
