{
  "incumbent_ids": [
    16
  ],
  "rejected_config_ids": [
    2,
    3,
    4,
    1,
    6,
    7,
    8,
    9,
    10,
    11,
    12,
    13,
    14,
    15,
    5,
    17,
    18,
    19,
    20,
    21,
    22,
    23,
    24,
    25,
    26,
    27,
    28,
    29,
    30,
    31,
    32,
    33,
    34,
    35,
    36,
    37,
    38,
    39,
    40,
    41,
    42,
    43,
    44,
    45,
    46,
    47,
    48,
    49,
    50,
    51,
    52,
    53,
    54,
    55,
    56,
    57,
    58,
    59,
    60,
    61,
    62,
    63,
    64,
    65,
    66,
    67,
    68,
    69,
    70,
    71,
    72,
    73,
    74,
    75
  ],
  "incumbents_changed": 3,
  "trajectory": [
    {
      "config_ids": [
        1
      ],
      "costs": [
        1225.7812798875798
      ],
      "trial": 1,
      "walltime": 180.80430436134338
    },
    {
      "config_ids": [
        5
      ],
      "costs": [
        1202.5738188013397
      ],
      "trial": 5,
      "walltime": 390.7878122329712
    },
    {
      "config_ids": [
        16
      ],
      "costs": [
        1175.5800786391198
      ],
      "trial": 16,
      "walltime": 1247.4736552238464
    }
  ],
  "state": {
    "queue": [
      [
        75,
        1
      ]
    ]
  }
}