{
  "incumbent_ids": [
    36
  ],
  "rejected_config_ids": [
    2,
    3,
    4,
    5,
    6,
    7,
    8,
    9,
    10,
    11,
    12,
    1,
    14,
    15,
    16,
    17,
    18,
    19,
    20,
    21,
    22,
    23,
    24,
    25,
    26,
    27,
    28,
    29,
    30,
    31,
    13,
    33,
    34,
    35,
    32,
    37,
    38,
    39,
    40,
    41,
    42,
    43,
    44,
    45,
    46,
    47,
    48,
    49,
    50,
    51,
    52,
    53,
    54,
    55,
    56,
    57,
    58,
    59,
    60,
    61,
    62,
    63,
    64,
    65,
    66,
    67,
    68,
    69,
    70,
    71,
    72,
    73,
    74,
    75
  ],
  "incumbents_changed": 4,
  "trajectory": [
    {
      "config_ids": [
        1
      ],
      "costs": [
        0.22969195995758335
      ],
      "trial": 1,
      "walltime": 19.965118408203125
    },
    {
      "config_ids": [
        13
      ],
      "costs": [
        0.22803948688412498
      ],
      "trial": 13,
      "walltime": 814.051034450531
    },
    {
      "config_ids": [
        32
      ],
      "costs": [
        0.226276220935
      ],
      "trial": 32,
      "walltime": 1746.0641722679138
    },
    {
      "config_ids": [
        36
      ],
      "costs": [
        0.22625116554870836
      ],
      "trial": 36,
      "walltime": 1908.1511471271515
    }
  ],
  "state": {
    "queue": [
      [
        75,
        1
      ]
    ]
  }
}