{
  "incumbent_ids": [
    61
  ],
  "rejected_config_ids": [
    2,
    3,
    1,
    5,
    6,
    7,
    8,
    9,
    10,
    11,
    12,
    13,
    14,
    15,
    16,
    17,
    18,
    4,
    20,
    21,
    22,
    23,
    24,
    25,
    26,
    27,
    28,
    29,
    30,
    31,
    32,
    33,
    34,
    35,
    36,
    37,
    38,
    39,
    40,
    41,
    42,
    43,
    44,
    45,
    46,
    47,
    48,
    49,
    50,
    51,
    52,
    53,
    54,
    55,
    56,
    57,
    58,
    59,
    60,
    19,
    62,
    63,
    64,
    65,
    66,
    67,
    68,
    69,
    70,
    71,
    72,
    73,
    74,
    75
  ],
  "incumbents_changed": 4,
  "trajectory": [
    {
      "config_ids": [
        1
      ],
      "costs": [
        1306.2482713295199
      ],
      "trial": 1,
      "walltime": 189.41907572746277
    },
    {
      "config_ids": [
        4
      ],
      "costs": [
        1285.63275748008
      ],
      "trial": 4,
      "walltime": 298.41995453834534
    },
    {
      "config_ids": [
        19
      ],
      "costs": [
        1277.4128445525998
      ],
      "trial": 19,
      "walltime": 1345.3364820480347
    },
    {
      "config_ids": [
        61
      ],
      "costs": [
        1265.94782102316
      ],
      "trial": 61,
      "walltime": 3621.568023920059
    }
  ],
  "state": {
    "queue": [
      [
        75,
        1
      ]
    ]
  }
}