{
  "incumbent_ids": [
    3
  ],
  "rejected_config_ids": [
    2,
    1,
    4,
    5,
    6
  ],
  "incumbents_changed": 2,
  "trajectory": [
    {
      "config_ids": [
        1
      ],
      "costs": [
        0.4018312995804167
      ],
      "trial": 1,
      "walltime": 49.994972705841064
    },
    {
      "config_ids": [
        3
      ],
      "costs": [
        0.39382958771308335
      ],
      "trial": 3,
      "walltime": 465.0181324481964
    }
  ],
  "state": {
    "queue": [
      [
        6,
        1
      ]
    ]
  }
}