{
  "incumbent_ids": [
    45
  ],
  "rejected_config_ids": [
    2,
    3,
    4,
    5,
    6,
    7,
    8,
    9,
    10,
    11,
    12,
    13,
    14,
    15,
    16,
    17,
    18,
    19,
    20,
    21,
    22,
    23,
    24,
    25,
    26,
    27,
    28,
    29,
    30,
    31,
    32,
    33,
    34,
    35,
    36,
    37,
    1,
    39,
    38,
    41,
    42,
    43,
    44,
    40,
    46,
    47,
    48,
    49,
    50,
    51,
    52,
    53,
    54,
    55,
    56,
    57,
    58,
    59,
    60,
    61,
    62,
    63,
    64,
    65,
    66,
    67,
    68,
    69,
    70,
    71,
    72,
    73,
    74,
    75,
    76,
    77,
    78,
    79,
    80,
    81,
    82,
    83,
    84,
    85,
    86,
    87,
    88,
    89,
    90,
    91,
    92,
    93,
    94,
    95,
    96,
    97,
    98,
    99,
    100,
    101,
    102,
    103,
    104,
    105,
    106,
    107,
    108,
    109,
    110,
    111,
    112,
    113,
    114,
    115,
    116,
    117,
    118,
    119,
    120,
    121,
    122,
    123,
    124,
    125,
    126,
    127,
    128,
    129,
    130,
    131,
    132,
    133,
    134,
    135,
    136,
    137,
    138,
    139,
    140,
    141,
    142,
    143,
    144,
    145,
    146,
    147,
    148,
    149,
    150
  ],
  "incumbents_changed": 4,
  "trajectory": [
    {
      "config_ids": [
        1
      ],
      "costs": [
        5194.008001051798
      ],
      "trial": 1,
      "walltime": 130.4917118549347
    },
    {
      "config_ids": [
        38
      ],
      "costs": [
        5138.469416204398
      ],
      "trial": 38,
      "walltime": 6373.218234300613
    },
    {
      "config_ids": [
        40
      ],
      "costs": [
        5094.416471263698
      ],
      "trial": 40,
      "walltime": 6628.080265522003
    },
    {
      "config_ids": [
        45
      ],
      "costs": [
        5069.153792053997
      ],
      "trial": 45,
      "walltime": 7483.076880455017
    }
  ],
  "state": {
    "queue": [
      [
        150,
        1
      ]
    ]
  }
}