{
  "incumbent_ids": [
    70
  ],
  "rejected_config_ids": [
    2,
    3,
    4,
    5,
    6,
    7,
    8,
    9,
    10,
    11,
    12,
    13,
    14,
    15,
    16,
    17,
    18,
    19,
    20,
    21,
    22,
    23,
    24,
    25,
    26,
    27,
    28,
    29,
    30,
    31,
    32,
    33,
    34,
    35,
    36,
    37,
    38,
    39,
    40,
    41,
    42,
    43,
    44,
    45,
    46,
    47,
    48,
    49,
    50,
    51,
    1,
    53,
    54,
    55,
    56,
    57,
    58,
    59,
    60,
    61,
    62,
    63,
    64,
    65,
    66,
    67,
    68,
    69,
    52,
    71,
    72,
    73,
    74,
    75
  ],
  "incumbents_changed": 3,
  "trajectory": [
    {
      "config_ids": [
        1
      ],
      "costs": [
        1151.53252597592
      ],
      "trial": 1,
      "walltime": 156.15824484825134
    },
    {
      "config_ids": [
        52
      ],
      "costs": [
        1151.4726946031801
      ],
      "trial": 52,
      "walltime": 5871.910315990448
    },
    {
      "config_ids": [
        70
      ],
      "costs": [
        1146.8918671266001
      ],
      "trial": 70,
      "walltime": 8650.002749681473
    }
  ],
  "state": {
    "queue": [
      [
        75,
        1
      ]
    ]
  }
}