{
  "incumbent_ids": [
    49
  ],
  "rejected_config_ids": [
    2,
    3,
    4,
    5,
    6,
    7,
    8,
    9,
    10,
    11,
    12,
    13,
    14,
    15,
    16,
    17,
    18,
    19,
    20,
    21,
    22,
    23,
    24,
    25,
    26,
    27,
    28,
    29,
    1,
    31,
    32,
    33,
    34,
    35,
    36,
    37,
    38,
    39,
    40,
    41,
    42,
    43,
    44,
    45,
    46,
    47,
    48,
    30,
    50,
    51,
    52,
    53,
    54,
    55,
    56,
    57,
    58,
    59,
    60,
    61,
    62,
    63,
    64,
    65,
    66,
    67,
    68,
    69,
    70,
    71,
    72,
    73,
    74,
    75
  ],
  "incumbents_changed": 3,
  "trajectory": [
    {
      "config_ids": [
        1
      ],
      "costs": [
        0.35440337103125
      ],
      "trial": 1,
      "walltime": 28.862373113632202
    },
    {
      "config_ids": [
        30
      ],
      "costs": [
        0.35349298464875
      ],
      "trial": 30,
      "walltime": 2591.04048871994
    },
    {
      "config_ids": [
        49
      ],
      "costs": [
        0.3534917555925
      ],
      "trial": 49,
      "walltime": 3843.440451145172
    }
  ],
  "state": {
    "queue": [
      [
        75,
        1
      ]
    ]
  }
}