{
  "incumbent_ids": [
    43
  ],
  "rejected_config_ids": [
    2,
    3,
    4,
    5,
    6,
    7,
    8,
    9,
    10,
    11,
    12,
    13,
    14,
    15,
    16,
    17,
    18,
    1,
    19,
    21,
    22,
    23,
    24,
    25,
    26,
    27,
    28,
    29,
    30,
    31,
    32,
    33,
    34,
    35,
    36,
    37,
    38,
    39,
    40,
    41,
    42,
    20,
    44,
    45,
    46,
    47,
    48,
    49,
    50,
    51,
    52,
    53,
    54,
    55,
    56,
    57,
    58,
    59,
    60,
    61,
    62,
    63,
    64,
    65,
    66,
    67,
    68,
    69,
    70,
    71,
    72,
    73,
    74,
    75
  ],
  "incumbents_changed": 4,
  "trajectory": [
    {
      "config_ids": [
        1
      ],
      "costs": [
        1462.19644392794
      ],
      "trial": 1,
      "walltime": 186.66069650650024
    },
    {
      "config_ids": [
        19
      ],
      "costs": [
        1455.94558950032
      ],
      "trial": 19,
      "walltime": 1601.1575274467468
    },
    {
      "config_ids": [
        20
      ],
      "costs": [
        1438.09614197568
      ],
      "trial": 20,
      "walltime": 1822.1068952083588
    },
    {
      "config_ids": [
        43
      ],
      "costs": [
        1431.91467775826
      ],
      "trial": 43,
      "walltime": 5029.84281873703
    }
  ],
  "state": {
    "queue": [
      [
        75,
        1
      ]
    ]
  }
}