{
  "incumbent_ids": [
    22
  ],
  "rejected_config_ids": [
    2,
    3,
    4,
    5,
    6,
    1,
    8,
    9,
    10,
    11,
    12,
    13,
    14,
    15,
    7,
    17,
    18,
    19,
    20,
    21,
    16,
    23,
    24,
    25
  ],
  "incumbents_changed": 4,
  "trajectory": [
    {
      "config_ids": [
        1
      ],
      "costs": [
        0.11430094254704166
      ],
      "trial": 1,
      "walltime": 7.905699729919434
    },
    {
      "config_ids": [
        7
      ],
      "costs": [
        0.11163478237729166
      ],
      "trial": 7,
      "walltime": 170.81074261665344
    },
    {
      "config_ids": [
        16
      ],
      "costs": [
        0.11100371167420833
      ],
      "trial": 16,
      "walltime": 308.05140590667725
    },
    {
      "config_ids": [
        22
      ],
      "costs": [
        0.10770896704583335
      ],
      "trial": 22,
      "walltime": 403.6087419986725
    }
  ],
  "state": {
    "queue": [
      [
        25,
        1
      ]
    ]
  }
}