{
  "incumbent_ids": [
    43
  ],
  "rejected_config_ids": [
    2,
    3,
    4,
    5,
    6,
    7,
    8,
    1,
    10,
    11,
    12,
    13,
    14,
    15,
    16,
    17,
    18,
    9,
    20,
    21,
    22,
    23,
    24,
    25,
    26,
    27,
    28,
    29,
    30,
    31,
    32,
    33,
    34,
    35,
    36,
    37,
    38,
    39,
    40,
    41,
    42,
    19,
    44,
    45,
    46,
    47,
    48,
    49,
    50,
    51,
    52,
    53,
    54,
    55,
    56,
    57,
    58,
    59,
    60,
    61,
    62,
    63,
    64,
    65,
    66,
    67,
    68,
    69,
    70,
    71,
    72,
    73,
    74,
    75
  ],
  "incumbents_changed": 4,
  "trajectory": [
    {
      "config_ids": [
        1
      ],
      "costs": [
        1534.78049905818
      ],
      "trial": 1,
      "walltime": 132.4738688468933
    },
    {
      "config_ids": [
        9
      ],
      "costs": [
        1376.66268276664
      ],
      "trial": 9,
      "walltime": 504.0713837146759
    },
    {
      "config_ids": [
        19
      ],
      "costs": [
        1358.3497847389601
      ],
      "trial": 19,
      "walltime": 982.4424629211426
    },
    {
      "config_ids": [
        43
      ],
      "costs": [
        1339.38355536272
      ],
      "trial": 43,
      "walltime": 1732.144874572754
    }
  ],
  "state": {
    "queue": [
      [
        75,
        1
      ]
    ]
  }
}