{
  "incumbent_ids": [
    17
  ],
  "rejected_config_ids": [
    1,
    3,
    4,
    5,
    6,
    7,
    8,
    9,
    10,
    11,
    12,
    13,
    14,
    2,
    16,
    15
  ],
  "incumbents_changed": 4,
  "trajectory": [
    {
      "config_ids": [
        1
      ],
      "costs": [
        0.268881809000375
      ],
      "trial": 1,
      "walltime": 15.252902746200562
    },
    {
      "config_ids": [
        2
      ],
      "costs": [
        0.15529538718391667
      ],
      "trial": 2,
      "walltime": 100.04522347450256
    },
    {
      "config_ids": [
        15
      ],
      "costs": [
        0.153563152751375
      ],
      "trial": 15,
      "walltime": 906.3624823093414
    },
    {
      "config_ids": [
        17
      ],
      "costs": [
        0.1527656863332083
      ],
      "trial": 17,
      "walltime": 1003.3708765506744
    }
  ],
  "state": {
    "queue": [
      [
        17,
        1
      ]
    ]
  }
}