{
  "incumbent_ids": [
    32
  ],
  "rejected_config_ids": [
    2,
    3,
    4,
    1,
    6,
    7,
    8,
    9,
    10,
    11,
    12,
    13,
    14,
    15,
    16,
    17,
    18,
    19,
    20,
    21,
    22,
    23,
    24,
    25,
    26,
    5,
    28,
    29,
    30,
    31,
    27,
    33,
    34,
    35,
    36,
    37,
    38,
    39,
    40,
    41,
    42,
    43
  ],
  "incumbents_changed": 4,
  "trajectory": [
    {
      "config_ids": [
        1
      ],
      "costs": [
        1239.32138067342
      ],
      "trial": 1,
      "walltime": 167.20485019683838
    },
    {
      "config_ids": [
        5
      ],
      "costs": [
        1229.5865112442798
      ],
      "trial": 5,
      "walltime": 342.2070758342743
    },
    {
      "config_ids": [
        27
      ],
      "costs": [
        1227.68534682982
      ],
      "trial": 27,
      "walltime": 2521.235111951828
    },
    {
      "config_ids": [
        32
      ],
      "costs": [
        1218.73722609586
      ],
      "trial": 32,
      "walltime": 2936.386501789093
    }
  ],
  "state": {
    "queue": [
      [
        43,
        1
      ]
    ]
  }
}