{
  "incumbent_ids": [
    50
  ],
  "rejected_config_ids": [
    2,
    3,
    4,
    1,
    6,
    7,
    8,
    9,
    10,
    11,
    12,
    13,
    14,
    15,
    16,
    17,
    18,
    19,
    20,
    21,
    22,
    23,
    24,
    25,
    26,
    27,
    28,
    29,
    30,
    31,
    32,
    33,
    34,
    35,
    36,
    37,
    38,
    39,
    40,
    41,
    42,
    43,
    44,
    45,
    46,
    47,
    48,
    49,
    5,
    51,
    52,
    53,
    54,
    55,
    56,
    57,
    58,
    59,
    60,
    61,
    62,
    63,
    64,
    65,
    66,
    67,
    68,
    69,
    70,
    71,
    72,
    73,
    74,
    75
  ],
  "incumbents_changed": 3,
  "trajectory": [
    {
      "config_ids": [
        1
      ],
      "costs": [
        1208.35079319176
      ],
      "trial": 1,
      "walltime": 187.5728828907013
    },
    {
      "config_ids": [
        5
      ],
      "costs": [
        1186.14519961486
      ],
      "trial": 5,
      "walltime": 399.75665283203125
    },
    {
      "config_ids": [
        50
      ],
      "costs": [
        1182.50929179686
      ],
      "trial": 50,
      "walltime": 4827.88667845726
    }
  ],
  "state": {
    "queue": [
      [
        75,
        1
      ]
    ]
  }
}