{
  "incumbent_ids": [
    7
  ],
  "rejected_config_ids": [
    2,
    3,
    4,
    5,
    6,
    1,
    8,
    9,
    10
  ],
  "incumbents_changed": 2,
  "trajectory": [
    {
      "config_ids": [
        1
      ],
      "costs": [
        0.255549103894
      ],
      "trial": 1,
      "walltime": 32.037113666534424
    },
    {
      "config_ids": [
        7
      ],
      "costs": [
        0.24754880758804165
      ],
      "trial": 7,
      "walltime": 720.7890603542328
    }
  ],
  "state": {
    "queue": [
      [
        10,
        1
      ]
    ]
  }
}