{
  "incumbent_ids": [
    32
  ],
  "rejected_config_ids": [
    2,
    3,
    4,
    1,
    6,
    7,
    8,
    9,
    10,
    11,
    12,
    13,
    14,
    15,
    16,
    17,
    18,
    19,
    20,
    21,
    22,
    23,
    24,
    25,
    26,
    5,
    28,
    29,
    30,
    31,
    27,
    33,
    34,
    35,
    36,
    37,
    38,
    39,
    40,
    41,
    42,
    43,
    44,
    45,
    46,
    47,
    48,
    49,
    50,
    51,
    52,
    53,
    54,
    55,
    56,
    57,
    58,
    59,
    60,
    61,
    62,
    63,
    64,
    65,
    66,
    67,
    68,
    69,
    70,
    71,
    72,
    73,
    74,
    75
  ],
  "incumbents_changed": 4,
  "trajectory": [
    {
      "config_ids": [
        1
      ],
      "costs": [
        1239.32138067342
      ],
      "trial": 1,
      "walltime": 176.89206218719482
    },
    {
      "config_ids": [
        5
      ],
      "costs": [
        1229.5865112442798
      ],
      "trial": 5,
      "walltime": 383.1449840068817
    },
    {
      "config_ids": [
        27
      ],
      "costs": [
        1227.68534682982
      ],
      "trial": 27,
      "walltime": 2913.494692325592
    },
    {
      "config_ids": [
        32
      ],
      "costs": [
        1218.73722609586
      ],
      "trial": 32,
      "walltime": 3403.2459332942963
    }
  ],
  "state": {
    "queue": [
      [
        75,
        1
      ]
    ]
  }
}