{
  "incumbent_ids": [
    15
  ],
  "rejected_config_ids": [
    2,
    3,
    4,
    5,
    6,
    1,
    8,
    9,
    10,
    7,
    12,
    13,
    14,
    11,
    16,
    17,
    18,
    19,
    20,
    21,
    22,
    23,
    24,
    25,
    26,
    27,
    28,
    29,
    30,
    31,
    32,
    33,
    34,
    35,
    36,
    37,
    38,
    39,
    40,
    41,
    42,
    43,
    44,
    45,
    46,
    47,
    48,
    49,
    50,
    51,
    52,
    53,
    54,
    55,
    56,
    57,
    58,
    59,
    60,
    61,
    62,
    63,
    64,
    65,
    66,
    67,
    68,
    69,
    70,
    71,
    72,
    73,
    74,
    75
  ],
  "incumbents_changed": 4,
  "trajectory": [
    {
      "config_ids": [
        1
      ],
      "costs": [
        5880.4984337244
      ],
      "trial": 1,
      "walltime": 876.589387178421
    },
    {
      "config_ids": [
        7
      ],
      "costs": [
        5869.098226306498
      ],
      "trial": 7,
      "walltime": 2258.362543106079
    },
    {
      "config_ids": [
        11
      ],
      "costs": [
        5861.949779528598
      ],
      "trial": 11,
      "walltime": 2988.6507098674774
    },
    {
      "config_ids": [
        15
      ],
      "costs": [
        5502.9837915436
      ],
      "trial": 15,
      "walltime": 3859.8415234088898
    }
  ],
  "state": {
    "queue": [
      [
        75,
        1
      ]
    ]
  }
}