{
  "incumbent_ids": [
    7
  ],
  "rejected_config_ids": [
    1,
    3,
    4,
    2,
    6,
    5,
    8,
    9,
    10,
    11,
    12,
    13,
    14,
    15,
    16,
    17,
    18,
    19,
    20,
    21,
    22,
    23,
    24,
    25,
    26,
    27,
    28,
    29,
    30,
    31,
    32,
    33,
    34,
    35,
    36,
    37,
    38,
    39,
    40,
    41,
    42,
    43,
    44,
    45,
    46,
    47,
    48,
    49,
    50,
    51,
    52,
    53,
    54,
    55,
    56,
    57,
    58,
    59,
    60,
    61,
    62,
    63,
    64,
    65,
    66,
    67,
    68,
    69,
    70,
    71,
    72,
    73,
    74,
    75
  ],
  "incumbents_changed": 4,
  "trajectory": [
    {
      "config_ids": [
        1
      ],
      "costs": [
        -2371.3591485647157
      ],
      "trial": 1,
      "walltime": 163.87166619300842
    },
    {
      "config_ids": [
        2
      ],
      "costs": [
        -2420.4547622303207
      ],
      "trial": 2,
      "walltime": 191.74960446357727
    },
    {
      "config_ids": [
        5
      ],
      "costs": [
        -2431.9051914106194
      ],
      "trial": 5,
      "walltime": 346.7237865924835
    },
    {
      "config_ids": [
        7
      ],
      "costs": [
        -2437.761064857527
      ],
      "trial": 7,
      "walltime": 440.8655276298523
    }
  ],
  "state": {
    "queue": [
      [
        75,
        1
      ]
    ]
  }
}