{
  "incumbent_ids": [
    37
  ],
  "rejected_config_ids": [
    1,
    3,
    4,
    5,
    6,
    7,
    8,
    9,
    10,
    11,
    12,
    13,
    14,
    2,
    16,
    17,
    18,
    19,
    20,
    21,
    22,
    23,
    24,
    25,
    26,
    27,
    28,
    29,
    30,
    31,
    32,
    33,
    34,
    35,
    36,
    15,
    38,
    39,
    40,
    41,
    42,
    43,
    44,
    45,
    46,
    47,
    48,
    49,
    50,
    51,
    52,
    53,
    54,
    55,
    56,
    57,
    58,
    59,
    60,
    61,
    62,
    63,
    64,
    65,
    66,
    67,
    68,
    69,
    70,
    71,
    72,
    73,
    74,
    75
  ],
  "incumbents_changed": 4,
  "trajectory": [
    {
      "config_ids": [
        1
      ],
      "costs": [
        -1776.5107698614752
      ],
      "trial": 1,
      "walltime": 177.8314986228943
    },
    {
      "config_ids": [
        2
      ],
      "costs": [
        -1777.9962936646375
      ],
      "trial": 2,
      "walltime": 208.46592164039612
    },
    {
      "config_ids": [
        15
      ],
      "costs": [
        -1780.5355520295575
      ],
      "trial": 15,
      "walltime": 1044.6160292625427
    },
    {
      "config_ids": [
        37
      ],
      "costs": [
        -1780.800354898473
      ],
      "trial": 37,
      "walltime": 2106.5413484573364
    }
  ],
  "state": {
    "queue": [
      [
        75,
        1
      ]
    ]
  }
}