{
  "incumbent_ids": [
    14
  ],
  "rejected_config_ids": [
    1,
    3,
    4,
    5,
    6,
    7,
    8,
    9,
    2,
    11,
    12,
    13,
    10,
    15,
    16
  ],
  "incumbents_changed": 4,
  "trajectory": [
    {
      "config_ids": [
        1
      ],
      "costs": [
        0.26784558561599997
      ],
      "trial": 1,
      "walltime": 15.375403881072998
    },
    {
      "config_ids": [
        2
      ],
      "costs": [
        0.1912895509088333
      ],
      "trial": 2,
      "walltime": 101.24747705459595
    },
    {
      "config_ids": [
        10
      ],
      "costs": [
        0.18991625180437496
      ],
      "trial": 10,
      "walltime": 687.3186619281769
    },
    {
      "config_ids": [
        14
      ],
      "costs": [
        0.1847504933820833
      ],
      "trial": 14,
      "walltime": 930.49493932724
    }
  ],
  "state": {
    "queue": [
      [
        16,
        1
      ]
    ]
  }
}