{
  "incumbent_ids": [
    72
  ],
  "rejected_config_ids": [
    2,
    3,
    4,
    5,
    6,
    7,
    8,
    9,
    10,
    11,
    12,
    13,
    14,
    15,
    16,
    17,
    18,
    19,
    20,
    21,
    1,
    23,
    24,
    25,
    26,
    27,
    28,
    29,
    30,
    31,
    32,
    33,
    34,
    35,
    36,
    37,
    38,
    39,
    40,
    41,
    42,
    43,
    44,
    45,
    46,
    47,
    48,
    49,
    50,
    51,
    52,
    53,
    54,
    55,
    56,
    57,
    58,
    59,
    60,
    61,
    62,
    63,
    64,
    65,
    66,
    67,
    68,
    69,
    70,
    22,
    71,
    73,
    74,
    75
  ],
  "incumbents_changed": 4,
  "trajectory": [
    {
      "config_ids": [
        1
      ],
      "costs": [
        1258.09187792158
      ],
      "trial": 1,
      "walltime": 156.9661123752594
    },
    {
      "config_ids": [
        22
      ],
      "costs": [
        1241.20219243558
      ],
      "trial": 22,
      "walltime": 1774.3001973628998
    },
    {
      "config_ids": [
        71
      ],
      "costs": [
        1238.83886724366
      ],
      "trial": 71,
      "walltime": 8081.03919839859
    },
    {
      "config_ids": [
        72
      ],
      "costs": [
        1237.54637212684
      ],
      "trial": 72,
      "walltime": 8209.813918113708
    }
  ],
  "state": {
    "queue": [
      [
        75,
        1
      ]
    ]
  }
}