{
  "incumbent_ids": [
    36
  ],
  "rejected_config_ids": [
    2,
    3,
    4,
    5,
    6,
    7,
    8,
    9,
    10,
    11,
    12,
    13,
    14,
    15,
    1,
    17,
    18,
    19,
    20,
    21,
    22,
    23,
    24,
    25,
    26,
    27,
    28,
    29,
    30,
    31,
    32,
    33,
    34,
    35,
    16,
    37,
    38,
    39
  ],
  "incumbents_changed": 3,
  "trajectory": [
    {
      "config_ids": [
        1
      ],
      "costs": [
        1210.62108312974
      ],
      "trial": 1,
      "walltime": 173.51737308502197
    },
    {
      "config_ids": [
        16
      ],
      "costs": [
        1199.64064333624
      ],
      "trial": 16,
      "walltime": 1126.0590426921844
    },
    {
      "config_ids": [
        36
      ],
      "costs": [
        1194.394368152
      ],
      "trial": 36,
      "walltime": 3921.9372169971466
    }
  ],
  "state": {
    "queue": [
      [
        39,
        1
      ]
    ]
  }
}