{
  "incumbent_ids": [
    50
  ],
  "rejected_config_ids": [
    2,
    1,
    4,
    5,
    6,
    7,
    8,
    9,
    10,
    11,
    12,
    13,
    14,
    15,
    16,
    17,
    18,
    19,
    20,
    21,
    22,
    23,
    24,
    25,
    26,
    27,
    28,
    29,
    30,
    31,
    32,
    33,
    34,
    35,
    36,
    37,
    38,
    39,
    40,
    41,
    42,
    43,
    44,
    45,
    46,
    3,
    48,
    49,
    47,
    51,
    52,
    53,
    54,
    55,
    56,
    57,
    58,
    59,
    60,
    61,
    62,
    63,
    64,
    65,
    66,
    67,
    68,
    69,
    70,
    71,
    72,
    73,
    74,
    75
  ],
  "incumbents_changed": 4,
  "trajectory": [
    {
      "config_ids": [
        1
      ],
      "costs": [
        0.21351596552854163
      ],
      "trial": 1,
      "walltime": 18.013280391693115
    },
    {
      "config_ids": [
        3
      ],
      "costs": [
        0.19522951620366666
      ],
      "trial": 3,
      "walltime": 177.76798486709595
    },
    {
      "config_ids": [
        47
      ],
      "costs": [
        0.193928887627875
      ],
      "trial": 47,
      "walltime": 2548.7881228923798
    },
    {
      "config_ids": [
        50
      ],
      "costs": [
        0.19332202069541665
      ],
      "trial": 50,
      "walltime": 2660.2051022052765
    }
  ],
  "state": {
    "queue": [
      [
        75,
        1
      ]
    ]
  }
}