{
  "incumbent_ids": [
    15
  ],
  "rejected_config_ids": [
    2,
    3,
    4,
    5,
    6,
    7,
    8,
    9,
    10,
    11,
    1,
    13,
    14,
    12,
    16,
    17,
    18,
    19,
    20,
    21,
    22,
    23,
    24,
    25
  ],
  "incumbents_changed": 3,
  "trajectory": [
    {
      "config_ids": [
        1
      ],
      "costs": [
        0.19310215223225
      ],
      "trial": 1,
      "walltime": 15.522139072418213
    },
    {
      "config_ids": [
        12
      ],
      "costs": [
        0.19105316401724998
      ],
      "trial": 12,
      "walltime": 562.0792877674103
    },
    {
      "config_ids": [
        15
      ],
      "costs": [
        0.18793606345983332
      ],
      "trial": 15,
      "walltime": 618.1702070236206
    }
  ],
  "state": {
    "queue": [
      [
        25,
        1
      ]
    ]
  }
}