{
  "incumbent_ids": [
    21
  ],
  "rejected_config_ids": [
    2,
    3,
    4,
    5,
    6,
    7,
    8,
    9,
    10,
    11,
    12,
    13,
    14,
    15,
    16,
    17,
    18,
    1,
    20,
    19,
    23,
    24,
    25,
    26,
    27,
    28,
    29,
    30,
    31,
    32,
    33,
    34,
    35,
    36,
    37
  ],
  "incumbents_changed": 3,
  "trajectory": [
    {
      "config_ids": [
        1
      ],
      "costs": [
        1278.9885324601398
      ],
      "trial": 1,
      "walltime": 198.91976284980774
    },
    {
      "config_ids": [
        19
      ],
      "costs": [
        1277.65437107976
      ],
      "trial": 19,
      "walltime": 1814.9144542217255
    },
    {
      "config_ids": [
        21
      ],
      "costs": [
        1277.2999981268
      ],
      "trial": 21,
      "walltime": 2220.0233938694
    }
  ],
  "state": {
    "queue": [
      [
        22,
        1
      ],
      [
        38,
        1
      ]
    ]
  }
}