{
  "incumbent_ids": [
    49
  ],
  "rejected_config_ids": [
    2,
    3,
    4,
    5,
    6,
    7,
    8,
    9,
    10,
    11,
    12,
    13,
    14,
    15,
    16,
    17,
    18,
    19,
    1,
    21,
    22,
    23,
    24,
    25,
    26,
    27,
    28,
    29,
    30,
    31,
    32,
    33,
    34,
    35,
    36,
    37,
    38,
    39,
    40,
    41,
    42,
    20,
    44,
    45,
    46,
    47,
    48,
    43,
    50,
    51,
    52,
    53,
    54,
    55,
    56,
    57,
    58,
    59,
    60,
    61,
    62,
    63,
    64,
    65,
    66,
    67,
    68,
    69,
    70,
    71,
    72,
    73,
    74,
    75
  ],
  "incumbents_changed": 4,
  "trajectory": [
    {
      "config_ids": [
        1
      ],
      "costs": [
        1278.9884620217
      ],
      "trial": 1,
      "walltime": 168.82197189331055
    },
    {
      "config_ids": [
        20
      ],
      "costs": [
        1275.3933629390401
      ],
      "trial": 20,
      "walltime": 1656.9607453346252
    },
    {
      "config_ids": [
        43
      ],
      "costs": [
        1269.2557716325198
      ],
      "trial": 43,
      "walltime": 6091.087334394455
    },
    {
      "config_ids": [
        49
      ],
      "costs": [
        1259.7081316224
      ],
      "trial": 49,
      "walltime": 7086.554574966431
    }
  ],
  "state": {
    "queue": [
      [
        75,
        1
      ]
    ]
  }
}