{
  "incumbent_ids": [
    18
  ],
  "rejected_config_ids": [
    2,
    3,
    1,
    5,
    6,
    7,
    4,
    9,
    10,
    11,
    12,
    13,
    14,
    15,
    16,
    17,
    8,
    19,
    20,
    21,
    22,
    23,
    24,
    25,
    26,
    27,
    28,
    29,
    30,
    31,
    32,
    33,
    34,
    35,
    36,
    37,
    38,
    39,
    40,
    41,
    42,
    43,
    44,
    45,
    46,
    47,
    48,
    49,
    50,
    51,
    52,
    53,
    54,
    55,
    56,
    57,
    58,
    59,
    60,
    61,
    62,
    63,
    64,
    65,
    66,
    67,
    68,
    69,
    70,
    71,
    72,
    73,
    74,
    75
  ],
  "incumbents_changed": 4,
  "trajectory": [
    {
      "config_ids": [
        1
      ],
      "costs": [
        1312.87740812098
      ],
      "trial": 1,
      "walltime": 162.75786972045898
    },
    {
      "config_ids": [
        4
      ],
      "costs": [
        1310.30247517686
      ],
      "trial": 4,
      "walltime": 259.8823413848877
    },
    {
      "config_ids": [
        8
      ],
      "costs": [
        1292.05960077314
      ],
      "trial": 8,
      "walltime": 602.8629858493805
    },
    {
      "config_ids": [
        18
      ],
      "costs": [
        1274.9472341726
      ],
      "trial": 18,
      "walltime": 1172.5865516662598
    }
  ],
  "state": {
    "queue": [
      [
        75,
        1
      ]
    ]
  }
}