{
  "incumbent_ids": [
    71
  ],
  "rejected_config_ids": [
    2,
    3,
    4,
    5,
    6,
    7,
    8,
    9,
    10,
    11,
    12,
    13,
    14,
    15,
    16,
    17,
    1,
    19,
    20,
    21,
    22,
    23,
    24,
    25,
    26,
    27,
    28,
    29,
    30,
    31,
    32,
    33,
    34,
    35,
    36,
    37,
    38,
    39,
    40,
    41,
    42,
    43,
    44,
    45,
    46,
    47,
    48,
    49,
    50,
    51,
    52,
    53,
    54,
    55,
    56,
    57,
    58,
    59,
    18,
    61,
    62,
    63,
    64,
    65,
    66,
    67,
    68,
    69,
    70,
    60,
    72,
    73,
    74,
    75
  ],
  "incumbents_changed": 4,
  "trajectory": [
    {
      "config_ids": [
        1
      ],
      "costs": [
        50.0363274214733
      ],
      "trial": 1,
      "walltime": 184.62554287910461
    },
    {
      "config_ids": [
        18
      ],
      "costs": [
        49.66394795165799
      ],
      "trial": 18,
      "walltime": 1332.9784173965454
    },
    {
      "config_ids": [
        60
      ],
      "costs": [
        49.517378810903956
      ],
      "trial": 60,
      "walltime": 3523.197751522064
    },
    {
      "config_ids": [
        71
      ],
      "costs": [
        49.454200302366814
      ],
      "trial": 71,
      "walltime": 4052.0306503772736
    }
  ],
  "state": {
    "queue": [
      [
        75,
        1
      ]
    ]
  }
}