{
  "incumbent_ids": [
    47
  ],
  "rejected_config_ids": [
    2,
    3,
    4,
    5,
    6,
    7,
    8,
    1,
    10,
    11,
    12,
    13,
    14,
    15,
    16,
    17,
    18,
    19,
    20,
    21,
    22,
    23,
    24,
    25,
    26,
    27,
    28,
    29,
    30,
    31,
    32,
    33,
    34,
    9,
    36,
    37,
    38,
    39,
    40,
    41,
    42,
    43,
    44,
    45,
    46,
    35,
    48,
    49,
    50,
    51,
    52,
    53,
    54,
    55,
    56,
    57,
    58,
    59,
    60,
    61,
    62,
    63,
    64,
    65,
    66,
    67,
    68,
    69,
    70,
    71,
    72,
    73,
    74,
    75
  ],
  "incumbents_changed": 4,
  "trajectory": [
    {
      "config_ids": [
        1
      ],
      "costs": [
        1468.4050603083401
      ],
      "trial": 1,
      "walltime": 142.78142523765564
    },
    {
      "config_ids": [
        9
      ],
      "costs": [
        1392.64742560206
      ],
      "trial": 9,
      "walltime": 543.0827035903931
    },
    {
      "config_ids": [
        35
      ],
      "costs": [
        1369.82921025876
      ],
      "trial": 35,
      "walltime": 1426.1952002048492
    },
    {
      "config_ids": [
        47
      ],
      "costs": [
        1306.67095944004
      ],
      "trial": 47,
      "walltime": 1717.2139673233032
    }
  ],
  "state": {
    "queue": [
      [
        75,
        1
      ]
    ]
  }
}