{
  "incumbent_ids": [
    33
  ],
  "rejected_config_ids": [
    1,
    3,
    4,
    5,
    6,
    7,
    8,
    9,
    10,
    11,
    12,
    13,
    14,
    15,
    16,
    17,
    18,
    19,
    20,
    21,
    22,
    23,
    24,
    25,
    26,
    27,
    28,
    29,
    30,
    31,
    32,
    2,
    34,
    35,
    36,
    37,
    38,
    39,
    40,
    41,
    42,
    43,
    44,
    45,
    46,
    47,
    48,
    49,
    50,
    51,
    52,
    53,
    54,
    55,
    56,
    57,
    58,
    59,
    60,
    61,
    62,
    63,
    64,
    65,
    66,
    67,
    68,
    69,
    70,
    71,
    72,
    73,
    74,
    75
  ],
  "incumbents_changed": 3,
  "trajectory": [
    {
      "config_ids": [
        1
      ],
      "costs": [
        0.268881809000375
      ],
      "trial": 1,
      "walltime": 10.528864860534668
    },
    {
      "config_ids": [
        2
      ],
      "costs": [
        0.15421421228658336
      ],
      "trial": 2,
      "walltime": 75.04278421401978
    },
    {
      "config_ids": [
        33
      ],
      "costs": [
        0.152323604567125
      ],
      "trial": 33,
      "walltime": 1424.5650563240051
    }
  ],
  "state": {
    "queue": [
      [
        75,
        1
      ]
    ]
  }
}