{
  "incumbent_ids": [
    20
  ],
  "rejected_config_ids": [
    2,
    3,
    4,
    1,
    6,
    7,
    8,
    9,
    10,
    11,
    12,
    5,
    14,
    15,
    16,
    17,
    18,
    19,
    13,
    21,
    22,
    23,
    24,
    25,
    26,
    27,
    28,
    29,
    30,
    31,
    32,
    33,
    34,
    35,
    36,
    37,
    38,
    39,
    40,
    41,
    42,
    43,
    44,
    45,
    46,
    47,
    48,
    49,
    50,
    51,
    52,
    53,
    54,
    55,
    56,
    57,
    58,
    59,
    60,
    61,
    62,
    63,
    64,
    65,
    66,
    67,
    68,
    69,
    70,
    71,
    72,
    73,
    74,
    75
  ],
  "incumbents_changed": 4,
  "trajectory": [
    {
      "config_ids": [
        1
      ],
      "costs": [
        1159.47794572742
      ],
      "trial": 1,
      "walltime": 158.90480208396912
    },
    {
      "config_ids": [
        5
      ],
      "costs": [
        1135.70990059414
      ],
      "trial": 5,
      "walltime": 340.0079095363617
    },
    {
      "config_ids": [
        13
      ],
      "costs": [
        1127.6792760848598
      ],
      "trial": 13,
      "walltime": 915.5706615447998
    },
    {
      "config_ids": [
        20
      ],
      "costs": [
        1126.2838540141997
      ],
      "trial": 20,
      "walltime": 1384.724956035614
    }
  ],
  "state": {
    "queue": [
      [
        75,
        1
      ]
    ]
  }
}