{
  "incumbent_ids": [
    40
  ],
  "rejected_config_ids": [
    2,
    3,
    4,
    5,
    6,
    7,
    8,
    9,
    10,
    11,
    12,
    13,
    14,
    15,
    16,
    17,
    18,
    1,
    20,
    21,
    22,
    23,
    24,
    25,
    26,
    27,
    28,
    29,
    30,
    31,
    32,
    33,
    34,
    35,
    36,
    37,
    38,
    39,
    19,
    41,
    42,
    43,
    44,
    45,
    46,
    47,
    48,
    49,
    50,
    51,
    52,
    53,
    54,
    55,
    56,
    57,
    58,
    59,
    60,
    61,
    62,
    63,
    64,
    65,
    66,
    67,
    68,
    69,
    70,
    71,
    72,
    73,
    74,
    75
  ],
  "incumbents_changed": 3,
  "trajectory": [
    {
      "config_ids": [
        1
      ],
      "costs": [
        1350.8397976148601
      ],
      "trial": 1,
      "walltime": 183.90236139297485
    },
    {
      "config_ids": [
        19
      ],
      "costs": [
        1347.77254438534
      ],
      "trial": 19,
      "walltime": 1536.8499398231506
    },
    {
      "config_ids": [
        40
      ],
      "costs": [
        1334.52066905542
      ],
      "trial": 40,
      "walltime": 5447.277925014496
    }
  ],
  "state": {
    "queue": [
      [
        75,
        1
      ]
    ]
  }
}