{
  "incumbent_ids": [
    69
  ],
  "rejected_config_ids": [
    2,
    3,
    4,
    1,
    6,
    7,
    8,
    9,
    10,
    11,
    12,
    13,
    14,
    15,
    16,
    17,
    18,
    19,
    20,
    21,
    22,
    23,
    24,
    25,
    26,
    27,
    28,
    29,
    30,
    31,
    32,
    33,
    34,
    35,
    36,
    37,
    38,
    39,
    40,
    41,
    42,
    43,
    44,
    45,
    46,
    47,
    48,
    49,
    50,
    51,
    52,
    53,
    54,
    55,
    56,
    57,
    58,
    59,
    60,
    61,
    62,
    63,
    64,
    65,
    66,
    67,
    68,
    5,
    70,
    71,
    72,
    73,
    74,
    75
  ],
  "incumbents_changed": 3,
  "trajectory": [
    {
      "config_ids": [
        1
      ],
      "costs": [
        1433.20018120124
      ],
      "trial": 1,
      "walltime": 171.19206881523132
    },
    {
      "config_ids": [
        5
      ],
      "costs": [
        1418.37310386736
      ],
      "trial": 5,
      "walltime": 369.6593759059906
    },
    {
      "config_ids": [
        69
      ],
      "costs": [
        1418.3402020967
      ],
      "trial": 69,
      "walltime": 6144.456763267517
    }
  ],
  "state": {
    "queue": [
      [
        75,
        1
      ]
    ]
  }
}