{
  "incumbent_ids": [
    6
  ],
  "rejected_config_ids": [
    2,
    3,
    4,
    1,
    5,
    7,
    8,
    9,
    10,
    11,
    12,
    13,
    14,
    15,
    16,
    17,
    18,
    19,
    20,
    21,
    22,
    23,
    24,
    25,
    26,
    27,
    28,
    29,
    30,
    31,
    32,
    33,
    34,
    35,
    36,
    37,
    38,
    39,
    40,
    41,
    42,
    43,
    44,
    45,
    46,
    47,
    48,
    49,
    50,
    51,
    52,
    53,
    54,
    55,
    56,
    57,
    58,
    59,
    60,
    61,
    62,
    63,
    64,
    65,
    66,
    67,
    68,
    69,
    70,
    71,
    72,
    73,
    74,
    75
  ],
  "incumbents_changed": 3,
  "trajectory": [
    {
      "config_ids": [
        1
      ],
      "costs": [
        13195.298791914882
      ],
      "trial": 1,
      "walltime": 183.40417337417603
    },
    {
      "config_ids": [
        5
      ],
      "costs": [
        13174.619997148082
      ],
      "trial": 5,
      "walltime": 396.2617378234863
    },
    {
      "config_ids": [
        6
      ],
      "costs": [
        9312.675245567882
      ],
      "trial": 6,
      "walltime": 500.2475688457489
    }
  ],
  "state": {
    "queue": [
      [
        75,
        1
      ]
    ]
  }
}