{
  "incumbent_ids": [
    10
  ],
  "rejected_config_ids": [
    1,
    3,
    4,
    5,
    6,
    7,
    8,
    9,
    2,
    11,
    12,
    13,
    14,
    15
  ],
  "incumbents_changed": 3,
  "trajectory": [
    {
      "config_ids": [
        1
      ],
      "costs": [
        1.3615156038147915
      ],
      "trial": 1,
      "walltime": 16.395132780075073
    },
    {
      "config_ids": [
        2
      ],
      "costs": [
        0.9899162692298751
      ],
      "trial": 2,
      "walltime": 112.6391499042511
    },
    {
      "config_ids": [
        10
      ],
      "costs": [
        0.9647537106735417
      ],
      "trial": 10,
      "walltime": 686.3495922088623
    }
  ],
  "state": {
    "queue": [
      [
        15,
        1
      ]
    ]
  }
}